Door Style,Product Category,Size,Handing,Jamb,Casing,Hinges,Current Lowe's Stock Item Number,Lowe's Pro Stock Item Number,Image,Item Description,Full Description
1 Panel Molded,Slab,24,No Bore,No Jamb,No Casing,No Hinges,5509342,1170119,images/1pShaker.jpg,PROW 24 1PSQ MLD SM HC SLAB,1 Panel Molded Flat-Hollow core - Slab
1 Panel Molded,Slab,28,No Bore,No Jamb,No Casing,No Hinges,5509353,1169232,images/1pShaker.jpg,PROW 28 1PSQ MLD SM HC SLAB,1 Panel Molded Flat-Hollow core - Slab
1 Panel Molded,Slab,30,No Bore,No Jamb,No Casing,No Hinges,5509346,1169259,images/1pShaker.jpg,PROW 30 1PSQ MLD SM HC SLAB,1 Panel Molded Flat-Hollow core - Slab
1 Panel Molded,Slab,32,No Bore,No Jamb,No Casing,No Hinges,5509338,1169276,images/1pShaker.jpg,PROW 32 1PSQ MLD SM HC SLAB,1 Panel Molded Flat-Hollow core - Slab
1 Panel Molded,Slab,36,No Bore,No Jamb,No Casing,No Hinges,5509336,1168731,images/1pShaker.jpg,PROW 36 1PSQ MLD SM HC SLAB,1 Panel Molded Flat-Hollow core - Slab
1 Panel Molded,Bi-fold,24,No Bore,No Jamb,No Casing,No Hinges,5509337,1168793,,PROW 24 1P MLD HC Bi-Fold,1 Panel Flat Molded-Hollow core - Bi-fold
1 Panel Molded,Bi-fold,30,No Bore,No Jamb,No Casing,No Hinges,5509349,1170141,,PROW 30 1P MLD HC Bi-Fold,1 Panel Flat Molded-Hollow core - Bi-fold
1 Panel Molded,Bi-fold,36,No Bore,No Jamb,No Casing,No Hinges,5509343,1170126,,PROW 36 1P MLD HC Bi-Fold,1 Panel Flat Molded-Hollow core - Bi-fold
1 Panel Molded,Single Pre-hung,24,LH,Flat Jamb,No Casing,Black Hinges,5509473,1170066,,PROW 24 1P MLD HC LH PFJ NCSG BL,1-Panel Molded Flat Hollow core-Single Prehung-Flat Jamb -No casing-Black hinges
1 Panel Molded,Single Pre-hung,24,RH,Flat Jamb,No Casing,Black Hinges,5509448,1169407,,PROW 24 1P MLD HC RH PFJ NCSG BL,1-Panel Molded Flat Hollow core-Single Prehung-Flat Jamb -No casing-Black hinges
1 Panel Molded,Single Pre-hung,28,LH,Flat Jamb,No Casing,Black Hinges,5509441,1170129,,PROW 28 1P MLD HC LH PFJ NCSG BL,1-Panel Molded Flat Hollow core-Single Prehung-Flat Jamb -No casing-Black hinges
1 Panel Molded,Single Pre-hung,28,RH,Flat Jamb,No Casing,Black Hinges,5509446,1168738,,PROW 28 1P MLD HC RH PFJ NCSG BL,1-Panel Molded Flat Hollow core-Single Prehung-Flat Jamb -No casing-Black hinges
1 Panel Molded,Single Pre-hung,30,LH,Flat Jamb,No Casing,Black Hinges,5509474,1169429,,PROW 30 1P MLD HC LH PFJ NCSG BL,1-Panel Molded Flat Hollow core-Single Prehung-Flat Jamb -No casing-Black hinges
1 Panel Molded,Single Pre-hung,30,RH,Flat Jamb,No Casing,Black Hinges,5509476,1170120,,PROW 30 1P MLD HC RH PFJ NCSG BL,1-Panel Molded Flat Hollow core-Single Prehung-Flat Jamb -No casing-Black hinges
1 Panel Molded,Single Pre-hung,32,LH,Flat Jamb,No Casing,Black Hinges,5509352,1169263,,PROW 32 1P MLD HC LH PFJ NCSG BL,1-Panel Molded Flat Hollow core-Single Prehung-Flat Jamb -No casing-Black hinges
1 Panel Molded,Single Pre-hung,32,RH,Flat Jamb,No Casing,Black Hinges,5509466,1169508,,PROW 32 1P MLD HC RH PFJ NCSG BL,1-Panel Molded Flat Hollow core-Single Prehung-Flat Jamb -No casing-Black hinges
1 Panel Molded,Single Pre-hung,36,LH,Flat Jamb,No Casing,Black Hinges,5509468,1168730,,PROW 36 1P MLD HC LH PFJ NCSG BL,1-Panel Molded Flat Hollow core-Single Prehung-Flat Jamb -No casing-Black hinges
1 Panel Molded,Single Pre-hung,36,RH,Flat Jamb,No Casing,Black Hinges,5509459,1168776,,PROW 36 1P MLD HC RH PFJ NCSG BL,1-Panel Molded Flat Hollow core-Single Prehung-Flat Jamb -No casing-Black hinges
1 Panel Molded,Single Pre-hung,24,LH,Flat Jamb,453,Black Hinges,5509452,1169264,,PROW 24 1P MLD HC LH PFJ 453 BL,1-Panel Molded Flat Hollow core-Single Prehung-Split Jamb-453 casing-Black hinges
1 Panel Molded,Single Pre-hung,24,RH,Flat Jamb,453,Black Hinges,5509471,1168794,,PROW 24 1P MLD HC RH PFJ 453 BL,1-Panel Molded Flat Hollow core-Single Prehung-Split Jamb-453 casing-Black hinges
1 Panel Molded,Single Pre-hung,28,LH,Flat Jamb,453,Black Hinges,5509436,1168802,,PROW 28 1P MLD HC LH PFJ 453 BL,1-Panel Molded Flat Hollow core-Single Prehung-Split Jamb-453 casing-Black hinges
1 Panel Molded,Single Pre-hung,28,RH,Flat Jamb,453,Black Hinges,5509440,1169253,,PROW 28 1P MLD HC RH PFJ 453 BL,1-Panel Molded Flat Hollow core-Single Prehung-Split Jamb-453 casing-Black hinges
1 Panel Molded,Single Pre-hung,30,LH,Flat Jamb,453,Black Hinges,5509437,1170139,,PROW 30 1P MLD HC LH PFJ 453 BL,1-Panel Molded Flat Hollow core-Single Prehung-Split Jamb-453 casing-Black hinges
1 Panel Molded,Single Pre-hung,30,RH,Flat Jamb,453,Black Hinges,5509470,1168771,,PROW 30 1P MLD HC RH PFJ 453 BL,1-Panel Molded Flat Hollow core-Single Prehung-Split Jamb-453 casing-Black hinges
1 Panel Molded,Single Pre-hung,32,LH,Flat Jamb,453,Black Hinges,5509467,1168724,,PROW 32 1P MLD HC LH PFJ 453 BL,1-Panel Molded Flat Hollow core-Single Prehung-Split Jamb-453 casing-Black hinges
1 Panel Molded,Single Pre-hung,32,RH,Flat Jamb,453,Black Hinges,5509462,1168773,,PROW 32 1P MLD HC RH PFJ 453 BL,1-Panel Molded Flat Hollow core-Single Prehung-Split Jamb-453 casing-Black hinges
1 Panel Molded,Single Pre-hung,36,LH,Flat Jamb,453,Black Hinges,5509454,1168775,,PROW 36 1P MLD HC LH PFJ 453 BL,1-Panel Molded Flat Hollow core-Single Prehung-Split Jamb-453 casing-Black hinges
1 Panel Molded,Single Pre-hung,36,RH,Flat Jamb,453,Black Hinges,5509445,1170140,,PROW 36 1P MLD HC RH PFJ 453 BL,1-Panel Molded Flat Hollow core-Single Prehung-Split Jamb-453 casing-Black hinges
1 Panel Shaker,Single Pre-hung,24,LH,Flat Jamb,No Casing,Black Hinges,5509475,1170118,,PROW 24 1P WSR LH PFJ NCSG BL,1 Panel Shaker Wood Stile and Rail-Solid core-Flat Jamb- No casing-Black hinges
1 Panel Shaker,Single Pre-hung,24,RH,Flat Jamb,No Casing,Black Hinges,5509453,1168800,,PROW 24 1P WSR RH PFJ NCSG BL,1 Panel Shaker Wood Stile and Rail-Solid core-Flat Jamb- No casing-Black hinges
1 Panel Shaker,Single Pre-hung,28,LH,Flat Jamb,No Casing,Black Hinges,5509465,1169246,,PROW 28 1P WSR LH PFJ NCSG BL,1 Panel Shaker Wood Stile and Rail-Solid core-Flat Jamb- No casing-Black hinges
1 Panel Shaker,Single Pre-hung,28,RH,Flat Jamb,No Casing,Black Hinges,5509469,1168728,,PROW 28 1P WSR RH PFJ NCSG BL,1 Panel Shaker Wood Stile and Rail-Solid core-Flat Jamb- No casing-Black hinges
1 Panel Shaker,Single Pre-hung,30,LH,Flat Jamb,No Casing,Black Hinges,5509443,1170145,,PROW 30 1P WSR LH PFJ NCSG BL,1 Panel Shaker Wood Stile and Rail-Solid core-Flat Jamb- No casing-Black hinges
1 Panel Shaker,Single Pre-hung,30,RH,Flat Jamb,No Casing,Black Hinges,5509354,1168772,,PROW 30 1P WSR RH PFJ NCSG BL,1 Panel Shaker Wood Stile and Rail-Solid core-Flat Jamb- No casing-Black hinges
1 Panel Shaker,Single Pre-hung,32,LH,Flat Jamb,No Casing,Black Hinges,5509464,1169272,,PROW 32 1P WSR LH PFJ NCSG BL,1 Panel Shaker Wood Stile and Rail-Solid core-Flat Jamb- No casing-Black hinges
1 Panel Shaker,Single Pre-hung,32,RH,Flat Jamb,No Casing,Black Hinges,5509460,1169271,,PROW 32 1P WSR RH PFJ NCSG BL,1 Panel Shaker Wood Stile and Rail-Solid core-Flat Jamb- No casing-Black hinges
1 Panel Shaker,Single Pre-hung,36,LH,Flat Jamb,No Casing,Black Hinges,5509456,1170148,,PROW 36 1P WSR LH PFJ NCSG BL,1 Panel Shaker Wood Stile and Rail-Solid core-Flat Jamb- No casing-Black hinges
1 Panel Shaker,Single Pre-hung,36,RH,Flat Jamb,No Casing,Black Hinges,5509449,1170146,,PROW 36 1P WSR RH PFJ NCSG BL,1 Panel Shaker Wood Stile and Rail-Solid core-Flat Jamb- No casing-Black hinges
1 Panel Molded,Bi-hinge (French Door),48,No Bore,Flat Jamb,No Casing,Black hinges with Ball catches,NA,5738377,,48 PRO 1P MLD-F HC PFJ BC BL NCSG,1 Panel Molded Flat Hollow core Bi-hinge-Flat Jamb - No casing-Black hinges with Ball catches
1 Panel Molded,Bi-hinge (French Door),60,No Bore,Flat Jamb,No Casing,Black hinges with Ball catches,NA,5738376,,60 PRO IP MLD-FHC PFJ BC BL NCSG,1 Panel Molded Flat Hollow core Bi-hinge-Flat Jamb - No casing-Black hinges with Ball catches
1 Panel Molded,Bi-hinge (French Door),72,No Bore,Flat Jamb,No Casing,Black hinges with Ball catches,NA,5738373,,72 PRO 1P MLD-FHC PFJ BC BL NCSG,1 Panel Molded Flat Hollow core Bi-hinge-Flat Jamb - No casing-Black hinges with Ball catches
1 Panel Shaker,Bi-hinge (French Door),48,No Bore,Flat Jamb,No Casing,Black Hinges,NA,5738327,,48 PRO 1P WSR-F PFJ BC BL NCSG,1 Panel Wood Stile and Rail-Solid core-Bi-hinge-Flat Jamb -No casing-with Ball catches - Black Hinges
1 Panel Shaker,Bi-hinge (French Door),60,No Bore,Flat Jamb,No Casing,Black Hinges,NA,5738326,,60 PRO 1P WSR-F PFJ BC BL NCSG,1 Panel Wood Stile and Rail-Solid core-Bi-hinge-Flat Jamb -No casing-with Ball catches - Black Hinges
1 Panel Shaker,Bi-hinge (French Door),72,No Bore,Flat Jamb,No Casing,Black Hinges,NA,5738325,,72 PRO 1P WSR-F PFJ BC BL NCSG,1 Panel Wood Stile and Rail-Solid core-Bi-hinge-Flat Jamb -No casing-with Ball catches - Black Hinges
1 Panel Molded,Bi-hinge (French Door),48,No Bore,Split Jamb,453,Black hinges with Ball catches,NA,5738378,,48 PRO 1P MLD-F HC PFJ BC BL 453,1 Panel Molded Flat Hollow core Bi-hinge-Split Jamb- 453 casing-Black hinges with Ball catches
1 Panel Molded,Bi-hinge (French Door),60,No Bore,Split Jamb,453,Black hinges with Ball catches,NA,5738375,,60 PRO 1P MLD-F HC PFJ BC BL 453,1 Panel Molded Flat Hollow core Bi-hinge-Split Jamb- 453 casing-Black hinges with Ball catches
1 Panel Molded,Bi-hinge (French Door),72,No Bore,Split Jamb,453,Black hinges with Ball catches,NA,5738374,,72 PRO 1P MLD-F HC PFJ BC BL 453,1 Panel Molded Flat Hollow core Bi-hinge-Split Jamb- 453 casing-Black hinges with Ball catches
1 Panel Shaker,Slab,24,No Bore,Wood Style & Rail,No Casing,No Hinges,5510789,1168796,,PROW 24 1P WSR No BORE SLAB,1 Panel Shaker Wood Style and Rail-Solid Core Slab
1 Panel Shaker,Slab,28,No Bore,Wood Style & Rail,No Casing,No Hinges,5510791,1168805,,PROW 28 1P WSR NO BORE SLAB,1 Panel Shaker Wood Style and Rail-Solid Core Slab
1 Panel Shaker,Slab,30,No Bore,Wood Style & Rail,No Casing,No Hinges,5510790,1169268,,PROW 30 1P WSR No BORE SLAB,1 Panel Shaker Wood Style and Rail-Solid Core Slab
1 Panel Shaker,Slab,32,No Bore,Wood Style & Rail,No Casing,No Hinges,5510793,1168727,,PROW 32 1P WSR NO BORE SLAB,1 Panel Shaker Wood Style and Rail-Solid Core Slab
1 Panel Shaker,Slab,36,No Bore,Wood Style & Rail,No Casing,No Hinges,5510792,1170065,,PROW 36 1P WSR No BORE SLAB,1 Panel Shaker Wood Style and Rail-Solid Core Slab
2 Panel Round Top Molded,Single Pre-hung,24,RH,Split Jamb,376,Nickel Hinges,5690010,5731101,,24 PRO 2P RND TOP SM HC RH 376NK,2 Panel Round Top Molded - Hollow Core - Single pre-hung- Split Jamb-376 casing-nickel hinges
2 Panel Round Top Molded,Single Pre-hung,24,LH,Split Jamb,376,Nickel Hinges,5690017,5731120,,24 PRO 2P RND TOP SM HC LH 376NK,2 Panel Round Top Molded - Hollow Core - Single pre-hung- Split Jamb-376 casing-nickel hinges
2 Panel Round Top Molded,Single Pre-hung,28,RH,Split Jamb,376,Nickel Hinges,5690022,5731100,,28 PRO 2P RND TOP SM HC RH 376NK,2 Panel Round Top Molded - Hollow Core - Single pre-hung- Split Jamb-376 casing-nickel hinges
2 Panel Round Top Molded,Single Pre-hung,28,LH,Split Jamb,376,Nickel Hinges,5690018,5731107,,28 PRO 2P RND TOP SM HC LH 376NK,2 Panel Round Top Molded - Hollow Core - Single pre-hung- Split Jamb-376 casing-nickel hinges
2 Panel Round Top Molded,Single Pre-hung,30,RH,Split Jamb,376,Nickel Hinges,5690008,5731116,,30 PRO 2P RND TOP SM HC RH 376NK,2 Panel Round Top Molded - Hollow Core - Single pre-hung- Split Jamb-376 casing-nickel hinges
2 Panel Round Top Molded,Single Pre-hung,30,LH,Split Jamb,376,Nickel Hinges,5690015,5731093,,30 PRO 2P RND TOP SM HC LH 376NK,2 Panel Round Top Molded - Hollow Core - Single pre-hung- Split Jamb-376 casing-nickel hinges
2 Panel Round Top Molded,Single Pre-hung,32,RH,Split Jamb,376,Nickel Hinges,5690016,5731103,,32 PRO 2P RND TOP SM HC RH 376NK,2 Panel Round Top Molded - Hollow Core - Single pre-hung- Split Jamb-376 casing-nickel hinges
2 Panel Round Top Molded,Single Pre-hung,32,LH,Split Jamb,376,Nickel Hinges,5690023,5731109,,32 PRO 2P RND TOP SM HC LH 376NK,2 Panel Round Top Molded - Hollow Core - Single pre-hung- Split Jamb-376 casing-nickel hinges
2 Panel Round Top Molded,Single Pre-hung,36,RH,Split Jamb,376,Nickel Hinges,5690020,5731097,,36 PRO 2P RND TOP SM HC RH 376NK,2 Panel Round Top Molded - Hollow Core - Single pre-hung- Split Jamb-376 casing-nickel hinges
2 Panel Round Top Molded,Single Pre-hung,36,LH,Split Jamb,376,Nickel Hinges,5690025,5731098,,36 PRO 2P RND TOP SM HC LH 376NK,2 Panel Round Top Molded - Hollow Core - Single pre-hung- Split Jamb-376 casing-nickel hinges
2 Panel Round Top Molded,Bi-hinge (French Door),48,No Bore,Split Jamb,445,Nickel Hinges,NA,5738372,,48 PRO 2PRT MLD HC PFJ BC NK 445,2 Panel Round Top Molded - Hollow core-Bi-hinge - Split Jamb-with Ball catches-445 casing-nickel hinges
2 Panel Round Top Molded,Bi-hinge (French Door),60,No Bore,Split Jamb,445,Nickel Hinges,NA,5738371,,60 PRO 2PRT MLD HC PFJ BC NK 445,2 Panel Round Top Molded - Hollow core-Bi-hinge - Split Jamb-with Ball catches-445 casing-nickel hinges
2 Panel Round Top Molded,Bi-hinge (French Door),72,No Bore,Split Jamb,445,Nickel Hinges,NA,5738369,,72 PRO 2PRT MLD HC PFJ BC NK 445,2 Panel Round Top Molded - Hollow core-Bi-hinge - Split Jamb-with Ball catches-445 casing-nickel hinges
2 Panel Round Top Molded,Slab,24,No Bore,No Jamb,No Casing,No Hinges,5675142,5731082,,24 PRO 2P RD TOP SM HC 1-3/8,2 Panel Round Top Molded-Hollow core-slab
2 Panel Round Top Molded,Slab,28,No Bore,No Jamb,No Casing,No Hinges,5675144,5731072,,28 PRO 2P RD TOP SM HC 1-3/8,2 Panel Round Top Molded-Hollow core-slab
2 Panel Round Top Molded,Slab,30,No Bore,No Jamb,No Casing,No Hinges,5731064,5675152,,30 PRO 2P RD TOP SM HC 1-3/8,2 Panel Round Top Molded-Hollow core-slab
2 Panel Round Top Molded,Slab,32,No Bore,No Jamb,No Casing,No Hinges,5731114,5675151,,32 PRO 2P RD TOP SM HC 1-3/8,2 Panel Round Top Molded-Hollow core-slab
2 Panel Round Top Molded,Slab,36,No Bore,No Jamb,No Casing,No Hinges,5675154,5731066,,36 PRO 2P RD TOP SM HC 1-3/8,2 Panel Round Top Molded-Hollow core-slab
2 Panel Round Top Molded,Single Pre-hung,24,RH,Split Jamb,445,Nickel Hinges,5690011,5731092,,24 PRO 2P RND TOP SM HC RH 445NK,2 Panel Round Top Molded - Hollow Core - Single pre-hung- Split Jamb-445 casing-nickel hinges
2 Panel Round Top Molded,Single Pre-hung,24,LH,Split Jamb,445,Nickel Hinges,5690009,5731084,,24 PRO 2P RND TOP SM HC LH 445NK,2 Panel Round Top Molded - Hollow Core - Single pre-hung- Split Jamb-445 casing-nickel hinges
2 Panel Round Top Molded,Single Pre-hung,28,RH,Split Jamb,445,Nickel Hinges,5690006,5731106,,28 PRO 2P RND TOP SM HC RH 445NK,2 Panel Round Top Molded - Hollow Core - Single pre-hung- Split Jamb-445 casing-nickel hinges
2 Panel Round Top Molded,Single Pre-hung,28,LH,Split Jamb,445,Nickel Hinges,5690003,5731096,,28 PRO 2P RND TOP SM HC LH 445NK,2 Panel Round Top Molded - Hollow Core - Single pre-hung- Split Jamb-445 casing-nickel hinges
2 Panel Round Top Molded,Single Pre-hung,30,RH,Split Jamb,445,Nickel Hinges,5690005,5731089,,30 PRO 2P RND TOP SM HC RH 445NK,2 Panel Round Top Molded - Hollow Core - Single pre-hung- Split Jamb-445 casing-nickel hinges
2 Panel Round Top Molded,Single Pre-hung,30,LH,Split Jamb,445,Nickel Hinges,5690004,5731111,,30 PRO 2P RND TOP SM HC LH 445NK,2 Panel Round Top Molded - Hollow Core - Single pre-hung- Split Jamb-445 casing-nickel hinges
2 Panel Round Top Molded,Single Pre-hung,32,RH,Split Jamb,445,Nickel Hinges,5690007,5731077,,32 PRO 2P RND TOP SM HC RH 445NK,2 Panel Round Top Molded - Hollow Core - Single pre-hung- Split Jamb-445 casing-nickel hinges
2 Panel Round Top Molded,Single Pre-hung,32,LH,Split Jamb,445,Nickel Hinges,5690013,5731094,,32 PRO 2P RND TOP SM HC LH 445NK,2 Panel Round Top Molded - Hollow Core - Single pre-hung- Split Jamb-445 casing-nickel hinges
2 Panel Round Top Molded,Single Pre-hung,36,RH,Split Jamb,445,Nickel Hinges,5690012,5731085,,36 PRO 2P RND TOP SM HC RH 445NK,2 Panel Round Top Molded - Hollow Core - Single pre-hung- Split Jamb-445 casing-nickel hinges
2 Panel Round Top Molded,Single Pre-hung,36,LH,Split Jamb,445,Nickel Hinges,5690014,5731081,,36 PRO 2P RND TOP SM HC LH 445NK,2 Panel Round Top Molded - Hollow Core - Single pre-hung- Split Jamb-445 casing-nickel hinges
2 Panel Round Top Molded,Single Pre-hung,24,RH,Flat Jamb,No Casing,Nickel Hinges,5675133,5731073,,24 PRO 2PNL RDTP SM RH PFJ NCSGNK,2 Panel Round Top Molded-Hollow core - Single pre-hung- Flat Jamb-no casing - nickel hinges
2 Panel Round Top Molded,Single Pre-hung,24,LH,Flat Jamb,No Casing,Nickel Hinges,5675138,5731068,,24 PRO 2PNL RDTP SM LH PFJ NCSGNK,2 Panel Round Top Molded-Hollow core - Single pre-hung- Flat Jamb-no casing - nickel hinges
2 Panel Round Top Molded,Single Pre-hung,28,RH,Flat Jamb,No Casing,Nickel Hinges,5675139,5731065,,28 PRO 2PNL RDTP SM RH PFJ NCSGNK,2 Panel Round Top Molded-Hollow core - Single pre-hung- Flat Jamb-no casing - nickel hinges
2 Panel Round Top Molded,Single Pre-hung,28,LH,Flat Jamb,No Casing,Nickel Hinges,5675143,5731091,,28 PRO 2PNL RDTP SM LH PFJ NCSGNK,2 Panel Round Top Molded-Hollow core - Single pre-hung- Flat Jamb-no casing - nickel hinges
2 Panel Round Top Molded,Single Pre-hung,30,RH,Flat Jamb,No Casing,Nickel Hinges,5675140,5731110,,30 PRO 2PNL RDTP SM RH PFJ NCSGNK,2 Panel Round Top Molded-Hollow core - Single pre-hung- Flat Jamb-no casing - nickel hinges
2 Panel Round Top Molded,Single Pre-hung,30,LH,Flat Jamb,No Casing,Nickel Hinges,5675146,5731071,,30 PRO 2PNL RDTP SM LH PFJ NCSGNK,2 Panel Round Top Molded-Hollow core - Single pre-hung- Flat Jamb-no casing - nickel hinges
2 Panel Round Top Molded,Single Pre-hung,32,RH,Flat Jamb,No Casing,Nickel Hinges,5675141,5731090,,32 PRO 2PNL RDTP SM RH PFJ NCSGNK,2 Panel Round Top Molded-Hollow core - Single pre-hung- Flat Jamb-no casing - nickel hinges
2 Panel Round Top Molded,Single Pre-hung,32,LH,Flat Jamb,No Casing,Nickel Hinges,5675145,5731076,,32 PRO 2PNL RDTP SM LH PFJ NCSGNK,2 Panel Round Top Molded-Hollow core - Single pre-hung- Flat Jamb-no casing - nickel hinges
2 Panel Round Top Molded,Single Pre-hung,36,RH,Flat Jamb,No Casing,Nickel Hinges,5675148,5731067,,36 PRO 2PNL RDTP SM RH PFJ NCSGNK,2 Panel Round Top Molded-Hollow core - Single pre-hung- Flat Jamb-no casing - nickel hinges
2 Panel Round Top Molded,Single Pre-hung,36,LH,Flat Jamb,No Casing,Nickel Hinges,5675147,5731115,,36 PRO 2PNL RDTP SM LH PFJ NCSGNK,2 Panel Round Top Molded-Hollow core - Single pre-hung- Flat Jamb-no casing - nickel hinges
2 Panel Round Top Molded,Bi-fold,24,No Bore,No Jamb,No Casing,No Hinges,5675149,5731088,,24 PRO 2P RD TOP SM HC BF 2DR,2 Panel Round Top - Hollow core-Molded-Bi-fold
2 Panel Round Top Molded,Bi-fold,30,No Bore,No Jamb,No Casing,No Hinges,5675155,5731087,,30 PRO 2P RD TOP SM HC BF 2DR,2 Panel Round Top - Hollow core-Molded-Bi-fold
2 Panel Round Top Molded,Bi-fold,36,No Bore,No Jamb,No Casing,No Hinges,5675150,5731079,,36 PRO 2P RD TOP SM HC BF 2DR,2 Panel Round Top - Hollow core-Molded-Bi-fold
2 Panel Round Top Molded,Bi-hinge (French Door),48,No Bore,No Jamb,No Casing,Nickel Hinges,NA,5738361,,48 PRO 2PRT MLD HC PFJ BC NK NCSG,2 Panel Round Top Molded - Hollow core-Bi-hinge - Flat Jamb-with Ball catches-no casing-nickel hinges
2 Panel Round Top Molded,Bi-hinge (French Door),60,No Bore,No Jamb,No Casing,Nickel Hinges,NA,5738358,,60 PRO 2PRT MLD HC PFJ BC NK NCSG,2 Panel Round Top Molded - Hollow core-Bi-hinge - Flat Jamb-with Ball catches-no casing-nickel hinges
2 Panel Round Top Molded,Bi-hinge (French Door),72,No Bore,No Jamb,No Casing,Nickel Hinges,NA,5738359,,72 PRO 2PRT MLD HC PFJ BC NK NCSG,2 Panel Round Top Molded - Hollow core-Bi-hinge - Flat Jamb-with Ball catches-no casing-nickel hinges
2 Panel Round Top Molded,Single Pre-hung,24,RH,Split Jamb,356,Nickel Hinges,5690032,5731118,,24 PRO 2P RD TOP SM HC RH 356 NIK,2 Panel Round Top Molded-Hallow core-Single pre-hung- Split Jamb-356 casing- Nickel hinges
2 Panel Round Top Molded,Single Pre-hung,24,LH,Split Jamb,356,Nickel Hinges,5690033,5731334,,24 PRO 2P RD TOP SM HC LH 356 NIK,2 Panel Round Top Molded-Hallow core-Single pre-hung- Split Jamb-356 casing- Nickel hinges
2 Panel Round Top Molded,Single Pre-hung,28,RH,Split Jamb,356,Nickel Hinges,5690035,5731104,,28 PRO 2P RD TOP SM HC RH 356 NIK,2 Panel Round Top Molded-Hallow core-Single pre-hung- Split Jamb-356 casing- Nickel hinges
2 Panel Round Top Molded,Single Pre-hung,28,LH,Split Jamb,356,Nickel Hinges,5690037,5731074,,28 PRO 2P RD TOP SM HC LH 356 NIK,2 Panel Round Top Molded-Hallow core-Single pre-hung- Split Jamb-356 casing- Nickel hinges
2 Panel Round Top Molded,Single Pre-hung,30,RH,Split Jamb,356,Nickel Hinges,5690038,5731108,,30 PRO 2P RD TOP SM HC RH 356 NIK,2 Panel Round Top Molded-Hallow core-Single pre-hung- Split Jamb-356 casing- Nickel hinges
2 Panel Round Top Molded,Single Pre-hung,30,LH,Split Jamb,356,Nickel Hinges,5690036,5731078,,30 PRO 2P RD TOP SM HC LH 356 NIK,2 Panel Round Top Molded-Hallow core-Single pre-hung- Split Jamb-356 casing- Nickel hinges
2 Panel Round Top Molded,Single Pre-hung,32,RH,Split Jamb,356,Nickel Hinges,5690039,5731070,,32 PRO 2P RD TOP SM RH HC 356 NIK,2 Panel Round Top Molded-Hallow core-Single pre-hung- Split Jamb-356 casing- Nickel hinges
2 Panel Round Top Molded,Single Pre-hung,32,LH,Split Jamb,356,Nickel Hinges,5690041,5731112,,32 PRO 2P RD TOP SM LH HC 356 NIK,2 Panel Round Top Molded-Hallow core-Single pre-hung- Split Jamb-356 casing- Nickel hinges
2 Panel Round Top Molded,Single Pre-hung,36,RH,Split Jamb,356,Nickel Hinges,5690042,5731102,,36 PRO 2P RD TOP SM RH HC 356 NIK,2 Panel Round Top Molded-Hallow core-Single pre-hung- Split Jamb-356 casing- Nickel hinges
2 Panel Round Top Molded,Single Pre-hung,36,LH,Split Jamb,356,Nickel Hinges,5690040,5731075,,36 PRO 2P RD TOP SM LH HC 356 NIK,2 Panel Round Top Molded-Hallow core-Single pre-hung- Split Jamb-356 casing- Nickel hinges
2 Panel Round Top Molded,Bi-hinge (French Door),48,No Bore,Split Jamb,356,Nickel Hinges,NA,5738365,,48 PRO 2PRT MLD HC PFJ BC NK 356,2 Panel Round Top Molded - Hollow core-Bi-hinge - Split Jamb-with Ball catches-356 casing-nickel hinges
2 Panel Round Top Molded,Bi-hinge (French Door),60,No Bore,Split Jamb,356,Nickel Hinges,NA,5738362,,60 PRO 2PRT MLD HC PFJ BC NK 356,2 Panel Round Top Molded - Hollow core-Bi-hinge - Split Jamb-with Ball catches-356 casing-nickel hinges
2 Panel Round Top Molded,Bi-hinge (French Door),72,No Bore,Split Jamb,356,Nickel Hinges,NA,5738360,,72 PRO 2PRT MLD HC PFJ BC NK 356,2 Panel Round Top Molded - Hollow core-Bi-hinge - Split Jamb-with Ball catches-356 casing-nickel hinges
2 Panel Square Flat,Slab,24,No Bore,No Jamb,No Casing,No Hinges,794063,1101955,,24 PRO 2PSQ RB MLD-F SM HC SLAB,2 Panel Square Flat-Hollow core-Molded-slab
2 Panel Square Flat,Slab,28,No Bore,No Jamb,No Casing,No Hinges,794064,1101956,,28 PRO 2PSQ RB MLD-F SM HC SLAB,2 Panel Square Flat-Hollow core-Molded-slab
2 Panel Square Flat,Slab,30,No Bore,No Jamb,No Casing,No Hinges,794065,1101957,,30 PRO 2PSQ RB MLD-F SM HC SLAB,2 Panel Square Flat-Hollow core-Molded-slab
2 Panel Square Flat,Slab,32,No Bore,No Jamb,No Casing,No Hinges,794066,1101958,,32 PRO 2PSQ RB MLD-F SM HC SLAB,2 Panel Square Flat-Hollow core-Molded-slab
2 Panel Square Flat,Slab,36,No Bore,No Jamb,No Casing,No Hinges,794067,1101959,,36 PRO 2PSQ RB MLD-F SM HC SLAB,2 Panel Square Flat-Hollow core-Molded-slab
2 Panel Square Flat,Bi-fold,24,No Bore,No Jamb,No Casing,No Hinges,794068,1101679,,24 PRO 2PSQ RB MLD-F SM HC 2DR BF,2 Panel Square Flat-Hollow core-Molded-Bi-fold
2 Panel Square Flat,Bi-fold,30,No Bore,No Jamb,No Casing,No Hinges,794069,1101680,,30 PRO 2PSQ RB MLD-F SM HC 2DR BF,2 Panel Square Flat-Hollow core-Molded-Bi-fold
2 Panel Square Flat,Bi-fold,36,No Bore,No Jamb,No Casing,No Hinges,794070,1101681,,36 PRO 2PSQ RB MLD-F SM HC 2DR BF,2 Panel Square Flat-Hollow core-Molded-Bi-fold
2 Panel Square Raised Panel,Slab,24,No Bore,No Jamb,No Casing,No Hinges,5675162,1170125,,PROW 24 2PSQ MLD SM HC SLAB,2 Panel Square Raised Panel-Hollow core-Molded-slab
2 Panel Square Raised Panel,Slab,28,No Bore,No Jamb,No Casing,No Hinges,5675171,1169270,,PROW 28 2PSQ MLD SM HC SLAB,2 Panel Square Raised Panel-Hollow core-Molded-slab
2 Panel Square Raised Panel,Slab,30,No Bore,No Jamb,No Casing,No Hinges,5675169,1169262,,PROW 30 2PSQ MLD SM HC SLAB,2 Panel Square Raised Panel-Hollow core-Molded-slab
2 Panel Square Raised Panel,Slab,32,No Bore,No Jamb,No Casing,No Hinges,5675166,1170128,,PROW 32 2PSQ MLD SM HC SLAB,2 Panel Square Raised Panel-Hollow core-Molded-slab
2 Panel Square Raised Panel,Slab,36,No Bore,No Jamb,No Casing,No Hinges,5675172,1170123,,PROW 36 2PSQ MLD SM HC SLAB,2 Panel Square Raised Panel-Hollow core-Molded-slab
2 Panel Round Top Plank,Single Pre-hung,24,RH,Split Jamb,356,Nickel Hinges,244850,6035825,,24 PRO 2P RD SM PLK RH PFJ/NK 356,2 Panel Round Top Plank-Hollow core-Molded - Split Jamb -356 casing-nickel hinges
2 Panel Round Top Plank,Single Pre-hung,24,LH,Split Jamb,356,Nickel Hinges,244852,1101800,,24 PRO 2P RD SM PLK LH PFJ/NK 356,2 Panel Round Top Plank-Hollow core-Molded - Split Jamb -356 casing-nickel hinges
2 Panel Round Top Plank,Single Pre-hung,28,RH,Split Jamb,356,Nickel Hinges,244854,6035827,,28 PRO 2P RD SM PLK RH PFJ/NK 356,2 Panel Round Top Plank-Hollow core-Molded - Split Jamb -356 casing-nickel hinges
2 Panel Round Top Plank,Single Pre-hung,28,LH,Split Jamb,356,Nickel Hinges,244856,6035830,,28 PRO 2P RD SM PLK LH PFJ/NK 356,2 Panel Round Top Plank-Hollow core-Molded - Split Jamb -356 casing-nickel hinges
2 Panel Round Top Plank,Single Pre-hung,30,RH,Split Jamb,356,Nickel Hinges,244857,1101803,,30 PRO 2P RD SM PLK RH PFJ/NK 356,2 Panel Round Top Plank-Hollow core-Molded - Split Jamb -356 casing-nickel hinges
2 Panel Round Top Plank,Single Pre-hung,30,LH,Split Jamb,356,Nickel Hinges,244858,1101804,,30 PRO 2P RD SM PLK LH PFJ/NK 356,2 Panel Round Top Plank-Hollow core-Molded - Split Jamb -356 casing-nickel hinges
2 Panel Round Top Plank,Single Pre-hung,32,RH,Split Jamb,356,Nickel Hinges,244859,6035833,,32 PRO 2P RD SM PLK RH PFJ/NK 356,2 Panel Round Top Plank-Hollow core-Molded - Split Jamb -356 casing-nickel hinges
2 Panel Round Top Plank,Single Pre-hung,32,LH,Split Jamb,356,Nickel Hinges,244860,6035835,,32 PRO 2P RD SM PLK LH PFJ/NK 356,2 Panel Round Top Plank-Hollow core-Molded - Split Jamb -356 casing-nickel hinges
2 Panel Round Top Plank,Single Pre-hung,36,RH,Split Jamb,356,Nickel Hinges,244861,6035837,,36 PRO 2P RD SM PLK RH PFJ/NK 356,2 Panel Round Top Plank-Hollow core-Molded - Split Jamb -356 casing-nickel hinges
2 Panel Round Top Plank,Single Pre-hung,36,LH,Split Jamb,356,Nickel Hinges,244862,1101808,,36 PRO 2P RD SM PLK LH PFJ/NK 356,2 Panel Round Top Plank-Hollow core-Molded - Split Jamb -356 casing-nickel hinges
2 Panel Square Raised Panel,Bi-fold,24,No Bore,No Jamb,No Casing,No Hinges,5675161,1101676,,24 PRO 2PSQ RB MLD SM HC 2DR BF,2 Panel Square Raised Panel - Hollow core-Molded-Bi-fold
2 Panel Square Raised Panel,Bi-fold,30,No Bore,No Jamb,No Casing,No Hinges,5675163,1101677,,30 PRO 2PSQ RB MLD SM HC 2DR BF,2 Panel Square Raised Panel - Hollow core-Molded-Bi-fold
2 Panel Square Raised Panel,Bi-fold,36,No Bore,No Jamb,No Casing,No Hinges,5675167,1101678,,36 PRO 2PSQ RB MLD SM HC 2DR BF,2 Panel Square Raised Panel - Hollow core-Molded-Bi-fold
2 Panel Round Top Plank,Bi-hinge (French Door),48,No Bore,No Jamb,No Casing,Nickel Hinges with Ball catches,NA,5738356,,48 PRO 2PRTPLK MLD PFJ BC NK NCSG,2 Panel Round Top Plank Hollow Core Molded-Bi-hinge- Flat Jamb-No casing-Ball catches - nickel hinges
2 Panel Round Top Plank,Bi-hinge (French Door),60,No Bore,No Jamb,No Casing,Nickel Hinges with Ball catches,NA,5738354,,60 PRO 2PRTPLK MLD PFJ BC NK NCSG,2 Panel Round Top Plank Hollow Core Molded-Bi-hinge- Flat Jamb-No casing-Ball catches - nickel hinges
2 Panel Round Top Plank,Bi-hinge (French Door),72,No Bore,No Jamb,No Casing,Nickel Hinges with Ball catches,NA,5738357,,72 PRO 2PRTPLK MLD PFJ BC NK NCSG,2 Panel Round Top Plank Hollow Core Molded-Bi-hinge- Flat Jamb-No casing-Ball catches - nickel hinges
2 Panel Square Raised Panel,Single Pre-hung,24,RH,Split Jamb,356,Nickel Hinges,271130,6035840,,24 PRO 2PNL SQ MLD UT RH PFJ/NK 356,2 Panel Square Raised Panel - Molded-Hollow core - Single pre-hung-Split Jamb-356 casing-nickel hinges
2 Panel Square Raised Panel,Single Pre-hung,24,LH,Split Jamb,356,Nickel Hinges,271132,6035842,,24 PRO 2PNL SQ MLD UT LH PFJ/NK 356,2 Panel Square Raised Panel - Molded-Hollow core - Single pre-hung-Split Jamb-356 casing-nickel hinges
2 Panel Square Raised Panel,Single Pre-hung,28,RH,Split Jamb,356,Nickel Hinges,271134,6035845,,28 PRO 2PNL SQ MLD UT RH PFJ/NK 356,2 Panel Square Raised Panel - Molded-Hollow core - Single pre-hung-Split Jamb-356 casing-nickel hinges
2 Panel Square Raised Panel,Single Pre-hung,28,LH,Split Jamb,356,Nickel Hinges,271136,6035848,,28 PRO 2PNL SQ MLD UT LH PFJ/NK 356,2 Panel Square Raised Panel - Molded-Hollow core - Single pre-hung-Split Jamb-356 casing-nickel hinges
2 Panel Square Raised Panel,Single Pre-hung,30,RH,Split Jamb,356,Nickel Hinges,271138,6035850,,30 PRO 2PNL SQ MLD UT RH PFJ/NK 356,2 Panel Square Raised Panel - Molded-Hollow core - Single pre-hung-Split Jamb-356 casing-nickel hinges
2 Panel Square Raised Panel,Single Pre-hung,30,LH,Split Jamb,356,Nickel Hinges,271140,6035852,,30 PRO 2PNL SQ MLD UT LH PFJ/NK 356,2 Panel Square Raised Panel - Molded-Hollow core - Single pre-hung-Split Jamb-356 casing-nickel hinges
2 Panel Square Raised Panel,Single Pre-hung,32,RH,Split Jamb,356,Nickel Hinges,271142,6035855,,32 PRO 2PNL SQ MLD UT RH PFJ/NK 356,2 Panel Square Raised Panel - Molded-Hollow core - Single pre-hung-Split Jamb-356 casing-nickel hinges
2 Panel Square Raised Panel,Single Pre-hung,32,LH,Split Jamb,356,Nickel Hinges,271143,6035858,,32 PRO 2PNL SQ MLD UT LH PFJ/NK 356,2 Panel Square Raised Panel - Molded-Hollow core - Single pre-hung-Split Jamb-356 casing-nickel hinges
2 Panel Square Raised Panel,Single Pre-hung,36,RH,Split Jamb,356,Nickel Hinges,271145,1101817,,36 PRO 2PNL SQ MLD UT RH PFJ/NK 356,2 Panel Square Raised Panel - Molded-Hollow core - Single pre-hung-Split Jamb-356 casing-nickel hinges
2 Panel Square Raised Panel,Single Pre-hung,36,LH,Split Jamb,356,Nickel Hinges,271147,1101818,,36 PRO 2PNL SQ MLD UT LH PFJ/NK 356,2 Panel Square Raised Panel - Molded-Hollow core - Single pre-hung-Split Jamb-356 casing-nickel hinges
2 Panel Round Top Plank,Bi-hinge (French Door),48,No Bore,Split Jamb,356,Nickel Hinges with Ball catches,NA,5738352,,48 PRO 2PRTPLK MLD PFJ BC NK 356,2 Panel Round Top Plank Hollow Core Molded-Bi-hinge- Split Jamb-356 casing-Ball catches-nickel hinges
2 Panel Round Top Plank,Bi-hinge (French Door),60,No Bore,Split Jamb,356,Nickel Hinges with Ball catches,NA,5738355,,60 PRO 2PRTPLK MLD PFJ BC NK 356,2 Panel Round Top Plank Hollow Core Molded-Bi-hinge- Split Jamb-356 casing-Ball catches-nickel hinges
2 Panel Round Top Plank,Bi-hinge (French Door),72,No Bore,Split Jamb,356,Nickel Hinges with Ball catches,NA,5738350,,72 PRO 2PRTPLK MLD PFJ BC NK 356,2 Panel Round Top Plank Hollow Core Molded-Bi-hinge- Split Jamb-356 casing-Ball catches-nickel hinges
2 Panel Round Top Plank,Slab,24,No Bore,No Jamb,No Casing,No Hinges,5675158,1101943,,24 PRO 2P RD SM PLNK 1-3/8 SLAB,2 Panel Round Top Plank Hollow core Molded - Slab
2 Panel Round Top Plank,Slab,28,No Bore,No Jamb,No Casing,No Hinges,5675164,1101944,,28 PRO 2P RD SM PLNK 1-3/8 SLAB,2 Panel Round Top Plank Hollow core Molded - Slab
2 Panel Round Top Plank,Slab,30,No Bore,No Jamb,No Casing,No Hinges,5675160,1101945,,30 PRO 2P RD SM PLNK 1-3/8 SLAB,2 Panel Round Top Plank Hollow core Molded - Slab
2 Panel Round Top Plank,Slab,32,No Bore,No Jamb,No Casing,No Hinges,5675165,1101946,,32 PRO 2P RD SM PLNK 1-3/8 SLAB,2 Panel Round Top Plank Hollow core Molded - Slab
2 Panel Round Top Plank,Slab,36,No Bore,No Jamb,No Casing,No Hinges,5675159,1101947,,36 PRO 2P RD SM PLNK 1-3/8 SLAB,2 Panel Round Top Plank Hollow core Molded - Slab
2 Panel Square Raised Panel,Single Pre-hung,24,RH,Split Jamb,366,Nickel Hinges,5509359,1168803,,PROW 24 2P SQ MLD HC RH PFJ 366 NK,2 Panel Square Raised Panel - Molded-Hollow core - Single pre-hung-Split Jamb-366 casing-nickel hinges
2 Panel Square Raised Panel,Single Pre-hung,24,LH,Split Jamb,366,Nickel Hinges,5509356,1169266,,PROW 24 2P SQ MLD HC LH PFJ 366 NK,2 Panel Square Raised Panel - Molded-Hollow core - Single pre-hung-Split Jamb-366 casing-nickel hinges
2 Panel Square Raised Panel,Single Pre-hung,28,RH,Split Jamb,366,Nickel Hinges,5509366,1169403,,PROW 28 2P SQ MLD HC RH PFJ 366 NK,2 Panel Square Raised Panel - Molded-Hollow core - Single pre-hung-Split Jamb-366 casing-nickel hinges
2 Panel Square Raised Panel,Single Pre-hung,28,LH,Split Jamb,366,Nickel Hinges,5509371,1168806,,PROW 28 2P SQ MLD HC LH PFJ 366 NK,2 Panel Square Raised Panel - Molded-Hollow core - Single pre-hung-Split Jamb-366 casing-nickel hinges
2 Panel Square Raised Panel,Single Pre-hung,30,RH,Split Jamb,366,Nickel Hinges,5509360,1170142,,PROW 30 2P SQ MLD HC RH PFJ 366 NK,2 Panel Square Raised Panel - Molded-Hollow core - Single pre-hung-Split Jamb-366 casing-nickel hinges
2 Panel Square Raised Panel,Single Pre-hung,30,LH,Split Jamb,366,Nickel Hinges,5509358,1169247,,PROW 30 2P SQ MLD HC LH PFJ 366 NK,2 Panel Square Raised Panel - Molded-Hollow core - Single pre-hung-Split Jamb-366 casing-nickel hinges
2 Panel Square Raised Panel,Single Pre-hung,32,RH,Split Jamb,366,Nickel Hinges,5509367,1169404,,PROW 32 2P SQ MLD HC RH PFJ 366 NK,2 Panel Square Raised Panel - Molded-Hollow core - Single pre-hung-Split Jamb-366 casing-nickel hinges
2 Panel Square Raised Panel,Single Pre-hung,32,LH,Split Jamb,366,Nickel Hinges,5509363,1168791,,PROW 32 2P SQ MLD HC LH PFJ 366 NK,2 Panel Square Raised Panel - Molded-Hollow core - Single pre-hung-Split Jamb-366 casing-nickel hinges
2 Panel Square Raised Panel,Single Pre-hung,36,RH,Split Jamb,366,Nickel Hinges,5509375,1168732,,PROW 36 2P SO MLD HC RH PFJ 366 NK,2 Panel Square Raised Panel - Molded-Hollow core - Single pre-hung-Split Jamb-366 casing-nickel hinges
2 Panel Square Raised Panel,Single Pre-hung,36,LH,Split Jamb,366,Nickel Hinges,5509368,1170127,,PROW 36 2P SQ MLD HC LH PFJ 366 NK,2 Panel Square Raised Panel - Molded-Hollow core - Single pre-hung-Split Jamb-366 casing-nickel hinges
2 Panel Round Top Plank,Single Pre-hung,24,RH,Flat Jamb,No Casing,Nickel Hinges,5675124,6035807,,24 PRO 2PNL RD PLNK RH NO CSNGNK,2 Panel Round Top Plank - Hollow core - Molded-Flat Jamb- no casing-nickel hinges
2 Panel Round Top Plank,Single Pre-hung,24,LH,Flat Jamb,No Casing,Nickel Hinges,5675127,6035809,,24 PRO 2PNL RD PLNK LH NO CSNGNK,2 Panel Round Top Plank - Hollow core - Molded-Flat Jamb- no casing-nickel hinges
2 Panel Round Top Plank,Single Pre-hung,28,RH,Flat Jamb,No Casing,Nickel Hinges,5675131,6035811,,28 PRO 2PNL RD PLNK RH NO CSNGNK,2 Panel Round Top Plank - Hollow core - Molded-Flat Jamb- no casing-nickel hinges
2 Panel Round Top Plank,Single Pre-hung,28,LH,Flat Jamb,No Casing,Nickel Hinges,5675130,6035813,,28 PRO 2PNL RD PLNK LH NO CSNGNK,2 Panel Round Top Plank - Hollow core - Molded-Flat Jamb- no casing-nickel hinges
2 Panel Round Top Plank,Single Pre-hung,30,RH,Flat Jamb,No Casing,Nickel Hinges,5675134,6035815,,30 PRO 2PNL RD PLNK RH NO CSNGNK,2 Panel Round Top Plank - Hollow core - Molded-Flat Jamb- no casing-nickel hinges
2 Panel Round Top Plank,Single Pre-hung,30,LH,Flat Jamb,No Casing,Nickel Hinges,5675135,6035817,,30 PRO 2PNL RD PLNK LH NO CSNGNK,2 Panel Round Top Plank - Hollow core - Molded-Flat Jamb- no casing-nickel hinges
2 Panel Round Top Plank,Single Pre-hung,32,RH,Flat Jamb,No Casing,Nickel Hinges,5675136,6035819,,32 PRO 2PNL RD PLNK RH NO CSNGNK,2 Panel Round Top Plank - Hollow core - Molded-Flat Jamb- no casing-nickel hinges
2 Panel Round Top Plank,Single Pre-hung,32,LH,Flat Jamb,No Casing,Nickel Hinges,5675132,6035821,,32 PRO 2PNL RD PLNK LH NO CSNGNK,2 Panel Round Top Plank - Hollow core - Molded-Flat Jamb- no casing-nickel hinges
2 Panel Round Top Plank,Single Pre-hung,36,RH,Flat Jamb,No Casing,Nickel Hinges,5675129,6035823,,36 PRO 2PNL RD PLNK RH NO CSNGNK,2 Panel Round Top Plank - Hollow core - Molded-Flat Jamb- no casing-nickel hinges
2 Panel Round Top Plank,Single Pre-hung,36,LH,Flat Jamb,No Casing,Nickel Hinges,5675137,1101774,,36 PRO 2PNL RD PLNK LH NO CSNGNK,2 Panel Round Top Plank - Hollow core - Molded-Flat Jamb- no casing-nickel hinges
2 Panel Round Top Plank,Bi-fold,24,No Bore,No Jamb,No Casing,No Hinges,5675156,1101673,,24 PRO 2P RD PLNK SM HC BIFLD 2DR,2 Panel Round Top Plank Hollow core Molded-Bi-fold
2 Panel Round Top Plank,Bi-fold,30,No Bore,No Jamb,No Casing,No Hinges,5675153,1101674,,30 PRO 2P RD PLNK SM HC BIFLD 2DR,2 Panel Round Top Plank Hollow core Molded-Bi-fold
2 Panel Round Top Plank,Bi-fold,36,No Bore,No Jamb,No Casing,No Hinges,5675157,1101675,,36 PRO 2P RD PLNK SM HC BIFLD 2DR,2 Panel Round Top Plank Hollow core Molded-Bi-fold
2 Panel Square Raised Panel,Bi-hinge (French Door),48,No Bore,Split Jamb,356,Nickel Hinges with Ball catches,NA,5738351,,48 PRO 2PSQ MLD HC PFJ BC NK 356,2 Panel Square Raised Panel-Molded-Hollow core-Bi- hinge-Split Jamb-356 casing-Ball catches - nickel hinges
2 Panel Square Raised Panel,Bi-hinge (French Door),60,No Bore,Split Jamb,356,Nickel Hinges with Ball catches,NA,5738353,,60 PRO 2PSQ MLD HC PFJ BC NK 356,2 Panel Square Raised Panel-Molded-Hollow core-Bi- hinge-Split Jamb-356 casing-Ball catches - nickel hinges
2 Panel Square Raised Panel,Bi-hinge (French Door),72,No Bore,Split Jamb,356,Nickel Hinges with Ball catches,NA,5738349,,72 PRO 2PSQ MLD HC PFJ BC NK 356,2 Panel Square Raised Panel-Molded-Hollow core-Bi- hinge-Split Jamb-356 casing-Ball catches - nickel hinges
2 Panel Square Raised Panel,Bi-hinge (French Door),48,No Bore,Split Jamb,356,Nickel Hinges with Ball catches,NA,5738348,,48 PRO 2PSQ MLD HC PFJ BC NK 366,2 Panel Square Raised Panel - Molded-Hollow core-Bi- hinge-Split Jamb-366 casing-Ball catches - nickel hinges
2 Panel Square Raised Panel,Bi-hinge (French Door),60,No Bore,Split Jamb,356,Nickel Hinges with Ball catches,NA,5738347,,60 PRO 2PSQ MLD HC PFJ BC NK 366,2 Panel Square Raised Panel - Molded-Hollow core-Bi- hinge-Split Jamb-366 casing-Ball catches - nickel hinges
2 Panel Square Raised Panel,Bi-hinge (French Door),72,No Bore,Split Jamb,356,Nickel Hinges with Ball catches,NA,5738346,,72 PRO 2PSQ MLD HC PFJ BC NK 366,2 Panel Square Raised Panel - Molded-Hollow core-Bi- hinge-Split Jamb-366 casing-Ball catches - nickel hinges
3 Panel Craftsman Flat,Slab,24,No Bore,No Jamb,No Casing,No Hinges,5675182,1101960,,24 PRO INT 3PNL CRAFTSMAN SLAB,3 Panel Craftsman Flat-Hollow core-Molded-slab
3 Panel Craftsman Flat,Slab,28,No Bore,No Jamb,No Casing,No Hinges,5675185,1101961,,28 PRO INT 3PNL CRAFTSMAN SLAB,3 Panel Craftsman Flat-Hollow core-Molded-slab
3 Panel Craftsman Flat,Slab,30,No Bore,No Jamb,No Casing,No Hinges,5675186,1101962,,30 PRO INT 3PNL CRAFTSMAN SLAB,3 Panel Craftsman Flat-Hollow core-Molded-slab
3 Panel Craftsman Flat,Slab,32,No Bore,No Jamb,No Casing,No Hinges,5675180,1101963,,32 PRO INT 3PNL CRAFTSMAN SLAB,3 Panel Craftsman Flat-Hollow core-Molded-slab
3 Panel Craftsman Flat,Slab,36,No Bore,No Jamb,No Casing,No Hinges,5675183,1101964,,36 PRO INT 3PNL CRAFTSMAN SLAB,3 Panel Craftsman Flat-Hollow core-Molded-slab
5 Panel Raised,Single Pre-hung,24,RH,Split Jamb,376,Nickel Hinges,5509400,1169243,,PROW 24 5P MLD HC RH PFJ 376 NK,5 Panel Raised-Hollow core-Molded-Split Jamb-376 casing-nickel hinges
5 Panel Raised,Single Pre-hung,24,LH,Split Jamb,376,Nickel Hinges,5509384,1169267,,PROW 24 5P MLD HC LH PFJ 376 NK,5 Panel Raised-Hollow core-Molded-Split Jamb-376 casing-nickel hinges
5 Panel Raised,Single Pre-hung,28,RH,Split Jamb,376,Nickel Hinges,5509387,1170124,,PROW 28 5P MLD HC RH PFJ 376 NK,5 Panel Raised-Hollow core-Molded-Split Jamb-376 casing-nickel hinges
5 Panel Raised,Single Pre-hung,28,LH,Split Jamb,376,Nickel Hinges,5509391,1169239,,PROW 28 5P MLD HC LH PFJ 376 NK,5 Panel Raised-Hollow core-Molded-Split Jamb-376 casing-nickel hinges
5 Panel Raised,Single Pre-hung,30,RH,Split Jamb,376,Nickel Hinges,5509396,1169255,,PROW 30 5P MLD HC RH PFJ 376 NK,5 Panel Raised-Hollow core-Molded-Split Jamb-376 casing-nickel hinges
5 Panel Raised,Single Pre-hung,24,LH,Split Jamb,376,Nickel Hinges,5509388,1170138,,PROW 30 5P MLD HC LH PFJ 376 NK,5 Panel Raised-Hollow core-Molded-Split Jamb-376 casing-nickel hinges
5 Panel Raised,Single Pre-hung,32,RH,Split Jamb,376,Nickel Hinges,5509393,1169408,,PROW 32 5P MLD HC RH PFJ 376 NK,5 Panel Raised-Hollow core-Molded-Split Jamb-376 casing-nickel hinges
5 Panel Raised,Single Pre-hung,32,LH,Split Jamb,376,Nickel Hinges,5509389,1170115,,PROW 32 5P MLD HC LH PFJ 376 NK,5 Panel Raised-Hollow core-Molded-Split Jamb-376 casing-nickel hinges
5 Panel Raised,Single Pre-hung,36,RH,Split Jamb,376,Nickel Hinges,5509392,1168778,,PROW 36 5P MLD HC RH PFJ 376 NK,5 Panel Raised-Hollow core-Molded-Split Jamb-376 casing-nickel hinges
5 Panel Raised,Single Pre-hung,36,LH,Split Jamb,376,Nickel Hinges,5509406,1169242,,PROW 36 5P MLD HC LH PFJ 376 NK,5 Panel Raised-Hollow core-Molded-Split Jamb-376 casing-nickel hinges
3 Panel Craftsman Flat,Bi-fold,24,No Bore,No Jamb,No Casing,No Hinges,386662,1101682,,24 PRO 3PNL CRAFTSMAN SM BIFOLD,3 Panel Craftsman Flat - Hollow core-Molded-Bi-fold
3 Panel Craftsman Flat,Bi-fold,30,No Bore,No Jamb,No Casing,No Hinges,386664,1101683,,30 PRO 3PNL CRAFTSMAN SM BIFOLD,3 Panel Craftsman Flat - Hollow core-Molded-Bi-fold
3 Panel Craftsman Flat,Bi-fold,36,No Bore,No Jamb,No Casing,No Hinges,386666,1101684,,36 PRO 3PNL CRAFTSMAN SM BIFOLD,3 Panel Craftsman Flat - Hollow core-Molded-Bi-fold
5 Panel Raised,Bi-hinge (French Door),48,No Bore,Split Jamb,356,Nickel Hinges with Ball catches,NA,5738330,,48 PRO 5P MLD RP PFJ BC NK 356,5 Panel Raised-Molded-Hollow core-Bi-hinge-Split Jamb-356 casing-Ball catches-nickel hinges
5 Panel Raised,Bi-hinge (French Door),60,No Bore,Split Jamb,356,Nickel Hinges with Ball catches,NA,5738333,,60 PRO 5P MLD RP PFJ BC NK 356,5 Panel Raised-Molded-Hollow core-Bi-hinge-Split Jamb-356 casing-Ball catches-nickel hinges
5 Panel Raised,Bi-hinge (French Door),72,No Bore,Split Jamb,356,Nickel Hinges with Ball catches,NA,5738332,,72 PRO 5P MLD RP PFJ BC NK 356,5 Panel Raised-Molded-Hollow core-Bi-hinge-Split Jamb-356 casing-Ball catches-nickel hinges
3 Panel Craftsman Flat,Single Pre-hung,24,RH,Flat Jamb,No Casing,Nickel Hinges,5675173,6035912,,24 PRO 3PNL CRFT SM UT RH FLTNK,3 Panel Craftsman Flat-Molded-Hollow core - Single pre- hung-Flat Jamb no casing-nickel hinges
3 Panel Craftsman Flat,Single Pre-hung,24,LH,Flat Jamb,No Casing,Nickel Hinges,5675176,1101919,,24 PRO 3PNL CRFT SM UT LH FLTNK,3 Panel Craftsman Flat-Molded-Hollow core - Single pre- hung-Flat Jamb no casing-nickel hinges
3 Panel Craftsman Flat,Single Pre-hung,28,RH,Flat Jamb,No Casing,Nickel Hinges,5675168,6035914,,28 PRO 3PNL CRFT SM UT RH FLTNK,3 Panel Craftsman Flat-Molded-Hollow core - Single pre- hung-Flat Jamb no casing-nickel hinges
3 Panel Craftsman Flat,Single Pre-hung,28,LH,Flat Jamb,No Casing,Nickel Hinges,5675170,6035916,,28 PRO 3PNL CRFT SM UT LH FLTNK,3 Panel Craftsman Flat-Molded-Hollow core - Single pre- hung-Flat Jamb no casing-nickel hinges
3 Panel Craftsman Flat,Single Pre-hung,30,RH,Flat Jamb,No Casing,Nickel Hinges,5675178,6035918,,30 PRO 3PNL CRFT SM UT RH FLTNK,3 Panel Craftsman Flat-Molded-Hollow core - Single pre- hung-Flat Jamb no casing-nickel hinges
3 Panel Craftsman Flat,Single Pre-hung,30,LH,Flat Jamb,No Casing,Nickel Hinges,5675177,1101923,,30 PRO 3PNL CRFT SM UT LH FLTNK,3 Panel Craftsman Flat-Molded-Hollow core - Single pre- hung-Flat Jamb no casing-nickel hinges
3 Panel Craftsman Flat,Single Pre-hung,32,RH,Flat Jamb,No Casing,Nickel Hinges,5675175,6035920,,32 PRO 3PNL CRFT SM UT RH FLTNK,3 Panel Craftsman Flat-Molded-Hollow core - Single pre- hung-Flat Jamb no casing-nickel hinges
3 Panel Craftsman Flat,Single Pre-hung,32,LH,Flat Jamb,No Casing,Nickel Hinges,5675174,1101925,,32 PRO 3PNL CRFT SM UT LH FLTNK,3 Panel Craftsman Flat-Molded-Hollow core - Single pre- hung-Flat Jamb no casing-nickel hinges
3 Panel Craftsman Flat,Single Pre-hung,36,RH,Flat Jamb,No Casing,Nickel Hinges,5675184,6035922,,36 PRO 3PNL CRFT SM UT RH FLTNK,3 Panel Craftsman Flat-Molded-Hollow core - Single pre- hung-Flat Jamb no casing-nickel hinges
3 Panel Craftsman Flat,Single Pre-hung,36,LH,Flat Jamb,No Casing,Nickel Hinges,5675179,6035924,,36 PRO 3PNL CRFT SM UT LH FLTNK,3 Panel Craftsman Flat-Molded-Hollow core - Single pre- hung-Flat Jamb no casing-nickel hinges
5 Panel Raised,Bi-hinge (French Door),48,No Bore,Flat Jamb,376,Nickel Hinges with Ball catches,NA,5738337,,48 PRO 5P MLD RP PFJ BC NK 376,5 Panel Raised-Molded-Hollow core-Bi-hinge - Split Jamb-376 casing-Ball catches-nickel hinges
5 Panel Raised,Bi-hinge (French Door),60,No Bore,Flat Jamb,376,Nickel Hinges with Ball catches,NA,5738335,,60 PRO SP MLD RP PFJ BC NK 376,5 Panel Raised-Molded-Hollow core-Bi-hinge - Split Jamb-376 casing-Ball catches-nickel hinges
5 Panel Raised,Bi-hinge (French Door),72,No Bore,Flat Jamb,376,Nickel Hinges with Ball catches,NA,5738334,,72 PRO 5P MLD RP PFJ BC NK 376,5 Panel Raised-Molded-Hollow core-Bi-hinge - Split Jamb-376 casing-Ball catches-nickel hinges
5 Panel Raised,Slab,24,No Bore,No Jamb,No Casing,No Hinges,527286,1168726,,PROW 24 5PSQ MLD SM HC SLAB,5 Panel Raised Panel - Hollow core-Molded-slab
5 Panel Raised,Slab,28,No Bore,No Jamb,No Casing,No Hinges,527305,1168807,,PROW 28 5PSQ MLD SM HC SLAB,5 Panel Raised Panel - Hollow core-Molded-slab
5 Panel Raised,Slab,30,No Bore,No Jamb,No Casing,No Hinges,527327,1169265,,PROW 30 5PSQ MLD SM HC SLAB,5 Panel Raised Panel - Hollow core-Molded-slab
5 Panel Raised,Slab,32,No Bore,No Jamb,No Casing,No Hinges,526426,1169275,,PROW 32 5PSQ MLD SM HC SLAB,5 Panel Raised Panel - Hollow core-Molded-slab
5 Panel Raised,Slab,36,No Bore,No Jamb,No Casing,No Hinges,526447,1170131,,PROW 36 5PSQ MLD SM HC SLAB,5 Panel Raised Panel - Hollow core-Molded-slab
3 Panel Craftsman Flat,Single Pre-hung,24,RH,Split Jamb,366,Nickel Hinges,5208938,1101983,,24 PRO 3P CRFT SM UT RH PFJ366NK,3 Panel Craftsman Flat-Molded-Hollow core - Single pre- hung-Split Jamb-366 casing-nickel hinges
3 Panel Craftsman Flat,Single Pre-hung,24,LH,Split Jamb,366,Nickel Hinges,5208939,1101984,,24 PRO 3P CRFT SM UT LH PFJ366NK,3 Panel Craftsman Flat-Molded-Hollow core - Single pre- hung-Split Jamb-366 casing-nickel hinges
3 Panel Craftsman Flat,Single Pre-hung,28,RH,Split Jamb,366,Nickel Hinges,5208940,1101985,,28 PRO 3P CRFT SM UT RH PFJ366NK,3 Panel Craftsman Flat-Molded-Hollow core - Single pre- hung-Split Jamb-366 casing-nickel hinges
3 Panel Craftsman Flat,Single Pre-hung,28,LH,Split Jamb,366,Nickel Hinges,5208941,1101986,,28 PRO 3P CRFT SM UT LH PFJ366NK,3 Panel Craftsman Flat-Molded-Hollow core - Single pre- hung-Split Jamb-366 casing-nickel hinges
3 Panel Craftsman Flat,Single Pre-hung,30,RH,Split Jamb,366,Nickel Hinges,5208942,1101987,,30 PRO 3P CRFT SM UT RH PFJ366NK,3 Panel Craftsman Flat-Molded-Hollow core - Single pre- hung-Split Jamb-366 casing-nickel hinges
3 Panel Craftsman Flat,Single Pre-hung,30,LH,Split Jamb,366,Nickel Hinges,5208943,1101988,,30 PRO 3P CRFT SM UT LH PFJ366NK,3 Panel Craftsman Flat-Molded-Hollow core - Single pre- hung-Split Jamb-366 casing-nickel hinges
3 Panel Craftsman Flat,Single Pre-hung,32,RH,Split Jamb,366,Nickel Hinges,5208944,6035975,,32 PRO 3P CRFT SM UT RH PFJ366NK,3 Panel Craftsman Flat-Molded-Hollow core - Single pre- hung-Split Jamb-366 casing-nickel hinges
3 Panel Craftsman Flat,Single Pre-hung,32,LH,Split Jamb,366,Nickel Hinges,5208945,1101990,,32 PRO 3P CRFT SM UT LH PF1366NK,3 Panel Craftsman Flat-Molded-Hollow core - Single pre- hung-Split Jamb-366 casing-nickel hinges
3 Panel Craftsman Flat,Single Pre-hung,36,RH,Split Jamb,366,Nickel Hinges,5208946,1101991,,36 PRO 3P CRFT SM UT RH PFJ366NK,3 Panel Craftsman Flat-Molded-Hollow core - Single pre- hung-Split Jamb-366 casing-nickel hinges
3 Panel Craftsman Flat,Single Pre-hung,36,LH,Split Jamb,366,Nickel Hinges,5208947,1101992,,36 PRO 3P CRFT SM UT LH PFJ366NK,3 Panel Craftsman Flat-Molded-Hollow core - Single pre- hung-Split Jamb-366 casing-nickel hinges
5 Panel Raised,Single Pre-hung,24,LH,Split Jamb,356,Nickel Hinges,957420,1101839,,24 PRO MLD 5PNL RSD LH PFJ/356 NK,5 Panel Raised-Hollow core-Molded-Split Jamb-356 casing-nickel hinges
5 Panel Raised,Single Pre-hung,24,RH,Split Jamb,356,Nickel Hinges,957421,6035860,,24 PRO MLD SPNL RSD RH PFJ/356 NK,5 Panel Raised-Hollow core-Molded-Split Jamb-356 casing-nickel hinges
5 Panel Raised,Single Pre-hung,28,LH,Split Jamb,356,Nickel Hinges,5405747,1168770,,28 PRO MLD 5PNL RSD LH PFJ/356 NK,5 Panel Raised-Hollow core-Molded-Split Jamb-356 casing-nickel hinges
5 Panel Raised,Single Pre-hung,28,RH,Split Jamb,356,Nickel Hinges,5405739,1169405,,28 PRO MLD 5PNL RSD RH PFJ/356 NK,5 Panel Raised-Hollow core-Molded-Split Jamb-356 casing-nickel hinges
5 Panel Raised,Single Pre-hung,30,LH,Split Jamb,356,Nickel Hinges,957422,6035862,,30 PRO MLD 5PNL RSD LH PFJ/356 NK,5 Panel Raised-Hollow core-Molded-Split Jamb-356 casing-nickel hinges
5 Panel Raised,Single Pre-hung,30,RH,Split Jamb,356,Nickel Hinges,957423,6035864,,30 PRO MLD 5PNL RSD RH PFJ/356 NK,5 Panel Raised-Hollow core-Molded-Split Jamb-356 casing-nickel hinges
5 Panel Raised,Single Pre-hung,32,LH,Split Jamb,356,Nickel Hinges,957424,6035866,,32 PRO MLD 5PNL RSD LH PFJ/356 NK,5 Panel Raised-Hollow core-Molded-Split Jamb-356 casing-nickel hinges
5 Panel Raised,Single Pre-hung,32,RH,Split Jamb,356,Nickel Hinges,957425,6035868,,32 PRO MLD 5PNL RSD RH PFJ/356 NK,5 Panel Raised-Hollow core-Molded-Split Jamb-356 casing-nickel hinges
5 Panel Raised,Single Pre-hung,36,LH,Split Jamb,356,Nickel Hinges,957426,1101845,,36 PRO MLD 5PNL RSD LH PFJ/356 NK,5 Panel Raised-Hollow core-Molded-Split Jamb-356 casing-nickel hinges
5 Panel Raised,Single Pre-hung,36,No Bore,Split Jamb,356,Nickel Hinges,957427,6035870,,36 PRO MLD 5PNL RSD RH PFJ/356 NK,5 Panel Raised-Hollow core-Molded-Split Jamb-356 casing-nickel hinges
5 Panel Raised,Bi-fold,24,No Bore,No Jamb,No Casing,No Hinges,5406062,1168797,,PROW 24 5PNL RSD BIFOLD,5 Panel Raised-Hollow core-Molded-Bi-fold
5 Panel Raised,Bi-fold,30,No Bore,No Jamb,No Casing,No Hinges,5406064,1169248,,PROW 30 5PNL RSD BIFOLD,5 Panel Raised-Hollow core-Molded-Bi-fold
5 Panel Raised,Bi-fold,36,No Bore,No Jamb,No Casing,No Hinges,5406067,1168733,,PROW 36 5PNL RSD BIFOLD,5 Panel Raised-Hollow core-Molded-Bi-fold
3 Panel Craftsman Flat,Bi-hinge (French Door),48,No Bore,Flat Jamb,No Casing,Nickel Hinges with Ball catches,NA,5738331,,48 PRO 3P CRAFT PFJ BC NK NCSG,3 Panel Craftsman Flat - Molded-Hollow core - Bi-hinge- Flat Jamb-No casing-Ball catches-nickel hinges
3 Panel Craftsman Flat,Bi-hinge (French Door),60,No Bore,Flat Jamb,No Casing,Nickel Hinges with Ball catches,NA,5738328,,60 PRO 3P CRAFT PFJ BC NK NCSG,3 Panel Craftsman Flat - Molded-Hollow core - Bi-hinge- Flat Jamb-No casing-Ball catches-nickel hinges
3 Panel Craftsman Flat,Bi-hinge (French Door),72,No Bore,Flat Jamb,No Casing,Nickel Hinges with Ball catches,NA,5738329,,72 PRO 3P CRAFT PFJ BC NK NCSG,3 Panel Craftsman Flat - Molded-Hollow core - Bi-hinge- Flat Jamb-No casing-Ball catches-nickel hinges
6 Panel Textured,Single Pre-hung,18,RH,Split Jamb,366,Nickel Hinges,205594,1101897,,18 PRO GPNL MLD TX UT RH PFJ 366NK,6 Panel-Textured-Hollow core-Molded-Split Jamb-366 casing-nickel hinges
6 Panel Textured,Single Pre-hung,18,LH,Split Jamb,366,Nickel Hinges,205595,1101898,,18 PRO 6PNL MLD TX UT LH PFJ 366NK,6 Panel-Textured-Hollow core-Molded-Split Jamb-366 casing-nickel hinges
6 Panel Textured,Single Pre-hung,24,RH,Split Jamb,366,Nickel Hinges,125154,1101887,,24 PRO 6PNL MLD TX UT RH PFJ366NK,6 Panel-Textured-Hollow core-Molded-Split Jamb-366 casing-nickel hinges
6 Panel Textured,Single Pre-hung,24,LH,Split Jamb,366,Nickel Hinges,125156,1101888,,24 PRO 6PNL MLD TX UT LH PFJ366NK,6 Panel-Textured-Hollow core-Molded-Split Jamb-366 casing-nickel hinges
6 Panel Textured,Single Pre-hung,28,RH,Split Jamb,366,Nickel Hinges,125159,6035898,,28 PRO 6PNL MLD TX UT RH PFJ366NK,6 Panel-Textured-Hollow core-Molded-Split Jamb-366 casing-nickel hinges
6 Panel Textured,Single Pre-hung,28,LH,Split Jamb,366,Nickel Hinges,125161,1101890,,28 PRO 6PNL MLD TX UT LH PFJ366NK,6 Panel-Textured-Hollow core-Molded-Split Jamb-366 casing-nickel hinges
6 Panel Textured,Single Pre-hung,30,RH,Split Jamb,366,Nickel Hinges,6035900,125162,,30 PRO 6PNL MLD TX UT RH PFJ366NK,6 Panel-Textured-Hollow core-Molded-Split Jamb-366 casing-nickel hinges
6 Panel Textured,Single Pre-hung,30,LH,Split Jamb,366,Nickel Hinges,125165,1101892,,30 PRO 6PNL MLD TX UT LH PFJ366NK,6 Panel-Textured-Hollow core-Molded-Split Jamb-366 casing-nickel hinges
6 Panel Textured,Single Pre-hung,32,RH,Split Jamb,366,Nickel Hinges,125169,1101893,,32 PRO 6PNL MLD TX UT RH PFJ366NK,6 Panel-Textured-Hollow core-Molded-Split Jamb-366 casing-nickel hinges
6 Panel Textured,Single Pre-hung,32,LH,Split Jamb,366,Nickel Hinges,125170,1101894,,32 PRO 6PNL MLD TX UT LH PFJ366NK,6 Panel-Textured-Hollow core-Molded-Split Jamb-366 casing-nickel hinges
6 Panel Textured,Single Pre-hung,36,RH,Split Jamb,366,Nickel Hinges,125171,1101895,,36 PRO 6PNL MLD TX UT RH PFJ366NK,6 Panel-Textured-Hollow core-Molded-Split Jamb-366 casing-nickel hinges
6 Panel Textured,Single Pre-hung,36,LH,Split Jamb,366,Nickel Hinges,125173,1101896,,36 PRO 6PNL MLD TX UT LH PFJ366NK,6 Panel-Textured-Hollow core-Molded-Split Jamb-366 casing-nickel hinges
6 Panel Textured,Bi-hinge (French Door),48,No Bore,Split Jamb,376,Nickel Hinges,NA,1101917,,48 PRO 6P MLD HC TX PFJ BC NK 376,6 Panel-Textured - Molded-Hollow core-Bi-hinge - Split Jamb-376 casing-Ball catches - nickel hinges
6 Panel Textured,Bi-hinge (French Door),60,No Bore,Split Jamb,376,Nickel Hinges,NA,5738388,,60 PRO 6P MLD HC TX PFJ BC NK 376,6 Panel-Textured - Molded-Hollow core-Bi-hinge - Split Jamb-376 casing-Ball catches - nickel hinges
6 Panel Textured,Bi-hinge (French Door),72,No Bore,Split Jamb,376,Nickel Hinges,NA,5738384,,72 PRO 6P MLD HC TX PFJ BC NK 376,6 Panel-Textured - Molded-Hollow core-Bi-hinge - Split Jamb-376 casing-Ball catches - nickel hinges
6 Panel Solid Core,Single Pre-hung,24,RH,Split Jamb,356,Nickel Hinges,5509432,1168799,,PROW 24 6P MLD SC RH PFJ 356 NK,6 Panel-Textured-Solid core-Molded-Split Jamb-356 casing-nickel hinges
6 Panel Solid Core,Single Pre-hung,24,LH,Split Jamb,356,Nickel Hinges,5509431,1168798,,PROW 24 6P MLD SC LH PFJ 356 NK,6 Panel-Textured-Solid core-Molded-Split Jamb-356 casing-nickel hinges
6 Panel Solid Core,Single Pre-hung,28,RH,Split Jamb,356,Nickel Hinges,5509427,1169256,,PROW 28 6P MLD SC RH PFJ 356 NK,6 Panel-Textured-Solid core-Molded-Split Jamb-356 casing-nickel hinges
6 Panel Solid Core,Single Pre-hung,28,LH,Split Jamb,356,Nickel Hinges,5509439,1169254,,PROW 28 6P MLD SC LH PFJ 356 NK,6 Panel-Textured-Solid core-Molded-Split Jamb-356 casing-nickel hinges
6 Panel Solid Core,Single Pre-hung,30,RH,Split Jamb,356,Nickel Hinges,5509450,1169245,,PROW 30 6P MLD SC RH PFJ 356 NK,6 Panel-Textured-Solid core-Molded-Split Jamb-356 casing-nickel hinges
6 Panel Solid Core,Single Pre-hung,30,LH,Split Jamb,356,Nickel Hinges,5509422,1169236,,PROW 30 6P MLD SC LH PFJ 356 NK,6 Panel-Textured-Solid core-Molded-Split Jamb-356 casing-nickel hinges
6 Panel Solid Core,Single Pre-hung,32,RH,Split Jamb,356,Nickel Hinges,5509429,1170064,,PROW 32 6P MLD SC RH PFJ 356 NK,6 Panel-Textured-Solid core-Molded-Split Jamb-356 casing-nickel hinges
6 Panel Solid Core,Single Pre-hung,32,LH,Split Jamb,356,Nickel Hinges,5509451,1170130,,PROW 32 6P MLD SC LH PFJ 356 NK,6 Panel-Textured-Solid core-Molded-Split Jamb-356 casing-nickel hinges
6 Panel Solid Core,Single Pre-hung,36,RH,Split Jamb,356,Nickel Hinges,5509455,1169233,,PROW 36 6P MLD SC RH PFJ 356 NK,6 Panel-Textured-Solid core-Molded-Split Jamb-356 casing-nickel hinges
6 Panel Solid Core,Single Pre-hung,36,LH,Split Jamb,356,Nickel Hinges,5509457,1169235,,PROW 36 6P MLD SC LH PFJ 356 NK,6 Panel-Textured-Solid core-Molded-Split Jamb-356 casing-nickel hinges
6 Panel Solid Core,Slab,24,No Bore,No Jamb,No Casing,No Hinges,5675095,1101976,,24 PRO 6PNL MLD TX SC SLAB 1-3/8,6 Panel Solid Core Slab
6 Panel Solid Core,Slab,28,No Bore,No Jamb,No Casing,No Hinges,5675092,1101977,,28 PRO 6PNL MLD TX SC SLAB 1-3/8,6 Panel Solid Core Slab
6 Panel Solid Core,Slab,30,No Bore,No Jamb,No Casing,No Hinges,5675093,1101978,,30 PRO 6PNL MLD TX SC SLAB 1-3/8,6 Panel Solid Core Slab
6 Panel Solid Core,Slab,32,No Bore,No Jamb,No Casing,No Hinges,5675099,1101979,,32 PRO 6PNL MLD TX SC SLAB 1-3/8,6 Panel Solid Core Slab
6 Panel Solid Core,Slab,36,No Bore,No Jamb,No Casing,No Hinges,5675096,1101980,,36 PRO 6PNL MLD TX SC SLAB 1-3/8,6 Panel Solid Core Slab
6 Panel Solid Core,Single Pre-hung,24,RH,Split Jamb,366,Nickel Hinges,5208958,1169410,,PROW 24 6P MLD TX SC RH PFJ 366 NK,6 Panel-Textured-Solid core-Molded-Split Jamb-366 casing-nickel hinges
6 Panel Solid Core,Single Pre-hung,24,LH,Split Jamb,366,Nickel Hinges,5208959,1168801,,PROW 24 6P MLD TX SC LH PFJ 366 NK,6 Panel-Textured-Solid core-Molded-Split Jamb-366 casing-nickel hinges
6 Panel Solid Core,Single Pre-hung,28,RH,Split Jamb,366,Nickel Hinges,5208960,1169261,,PROW 28 6P MLD TX SC RH PFJ 366 NK,6 Panel-Textured-Solid core-Molded-Split Jamb-366 casing-nickel hinges
6 Panel Solid Core,Single Pre-hung,28,LH,Split Jamb,366,Nickel Hinges,5208961,1169406,,PROW 28 6P MLD TX SC LH PFJ 366 NK,6 Panel-Textured-Solid core-Molded-Split Jamb-366 casing-nickel hinges
6 Panel Solid Core,Single Pre-hung,30,RH,Split Jamb,366,Nickel Hinges,5208962,1169269,,PROW 30 6P MLD TX SC RH PFJ 366 NK,6 Panel-Textured-Solid core-Molded-Split Jamb-366 casing-nickel hinges
6 Panel Solid Core,Single Pre-hung,24,LH,Split Jamb,366,Nickel Hinges,5208963,1169249,,PROW 24 6P MLD TX SC LH PFJ 366 NK,6 Panel-Textured-Solid core-Molded-Split Jamb-366 casing-nickel hinges
6 Panel Solid Core,Single Pre-hung,32,RH,Split Jamb,366,Nickel Hinges,5208964,1170116,,PROW 32 6P MLD TX SC RH PFJ 366 NK,6 Panel-Textured-Solid core-Molded-Split Jamb-366 casing-nickel hinges
6 Panel Solid Core,Single Pre-hung,32,LH,Split Jamb,366,Nickel Hinges,5208965,1170134,,PROW 32 6P MLD TX SC LH PFJ 366 NK,6 Panel-Textured-Solid core-Molded-Split Jamb-366 casing-nickel hinges
6 Panel Solid Core,Single Pre-hung,36,RH,Split Jamb,366,Nickel Hinges,5208966,1168734,,PROW 36 6P MLD TX SC RH PFJ 366 NK,6 Panel-Textured-Solid core-Molded-Split Jamb-366 casing-nickel hinges
6 Panel Solid Core,Single Pre-hung,36,LH,Split Jamb,366,Nickel Hinges,5208967,1169252,,PROW 36 6P MLD TX SC LH PF) 366 NK,6 Panel-Textured-Solid core-Molded-Split Jamb-366 casing-nickel hinges
6 Panel Pine,Single Pre-hung,24,RH,Stain Grade Flat Jamb,No Casing,Nickel Hinges,5675192,6035791,,24 PRO 6PNL PINE RH SOL NO CSG NK,6 Panel Pine-Solid core - Stain grade Flat Jamb-no casing- nickel hinges
6 Panel Pine,Single Pre-hung,24,LH,Stain Grade Flat Jamb,No Casing,Nickel Hinges,5675195,6035793,,24 PRO 6PNL PINE LH SOL NO CSG NK,6 Panel Pine-Solid core - Stain grade Flat Jamb-no casing- nickel hinges
6 Panel Pine,Single Pre-hung,28,RH,Stain Grade Flat Jamb,No Casing,Nickel Hinges,5675198,6035795,,28 PRO 6PNL PINE RH SOL NO CSG NK,6 Panel Pine-Solid core - Stain grade Flat Jamb-no casing- nickel hinges
6 Panel Pine,Single Pre-hung,28,LH,Stain Grade Flat Jamb,No Casing,Nickel Hinges,5675201,6035797,,28 PRO 6PNL PINE LH SOL NO CSG NK,6 Panel Pine-Solid core - Stain grade Flat Jamb-no casing- nickel hinges
6 Panel Pine,Single Pre-hung,30,RH,Stain Grade Flat Jamb,No Casing,Nickel Hinges,5675205,1101697,,30 PRO 6PNL PINE RH SOL NO CSG NK,6 Panel Pine-Solid core - Stain grade Flat Jamb-no casing- nickel hinges
6 Panel Pine,Single Pre-hung,30,LH,Stain Grade Flat Jamb,No Casing,Nickel Hinges,5675199,1101698,,30 PRO 6PNL PINE LH SOL NO CSG NK,6 Panel Pine-Solid core - Stain grade Flat Jamb-no casing- nickel hinges
6 Panel Pine,Single Pre-hung,32,RH,Stain Grade Flat Jamb,No Casing,Nickel Hinges,5675204,6035799,,32 PRO 6PNL PINE RH SOL NO CSG NK,6 Panel Pine-Solid core - Stain grade Flat Jamb-no casing- nickel hinges
6 Panel Pine,Single Pre-hung,32,LH,Stain Grade Flat Jamb,No Casing,Nickel Hinges,5675203,6035801,,32 PRO 6PNL PINE LH SOL NO CSG NK,6 Panel Pine-Solid core - Stain grade Flat Jamb-no casing- nickel hinges
6 Panel Pine,Single Pre-hung,36,RH,Stain Grade Flat Jamb,No Casing,Nickel Hinges,5675202,6035803,,36 PRO 6PNL PINE RH SOL NO CSG NK,6 Panel Pine-Solid core - Stain grade Flat Jamb-no casing- nickel hinges
6 Panel Pine,Single Pre-hung,36,LH,Stain Grade Flat Jamb,No Casing,Nickel Hinges,5675200,1101702,,36 PRO 6PNL PINE LH SOL NO CSG NK,6 Panel Pine-Solid core - Stain grade Flat Jamb-no casing- nickel hinges
Primed Flush Hardboard,Single Pre-hung,24,RH,Split Jamb,376,Nickel Hinges,5062613,1169402,,24 RH PRIMED HB 376 NK,Primed Flush Hardboard Hollow core - Split Jamb-376 casing nickel hinges
Primed Flush Hardboard,Single Pre-hung,24,LH,Split Jamb,376,Nickel Hinges,5062614,1168779,,24 LH PRIMED HB 376 NK,Primed Flush Hardboard Hollow core - Split Jamb-376 casing nickel hinges
Primed Flush Hardboard,Single Pre-hung,28,RH,Split Jamb,376,Nickel Hinges,5062615,1168792,,28 RH PRIMED HB 376 NK,Primed Flush Hardboard Hollow core - Split Jamb-376 casing nickel hinges
Primed Flush Hardboard,Single Pre-hung,28,LH,Split Jamb,376,Nickel Hinges,5062616,1168735,,28 LH PRIMED HB 376 NK,Primed Flush Hardboard Hollow core - Split Jamb-376 casing nickel hinges
Primed Flush Hardboard,Single Pre-hung,30,RH,Split Jamb,376,Nickel Hinges,5062617,1170112,,30 RH PRIMED HB 376 NK,Primed Flush Hardboard Hollow core - Split Jamb-376 casing nickel hinges
Primed Flush Hardboard,Single Pre-hung,30,LH,Split Jamb,376,Nickel Hinges,5062618,1170147,,30 LH PRIMED HB 376 NK,Primed Flush Hardboard Hollow core - Split Jamb-376 casing nickel hinges
Primed Flush Hardboard,Single Pre-hung,32,RH,Split Jamb,376,Nickel Hinges,5062619,1169240,,32 RH PRIMED HB 376 NK,Primed Flush Hardboard Hollow core - Split Jamb-376 casing nickel hinges
Primed Flush Hardboard,Single Pre-hung,32,LH,Split Jamb,376,Nickel Hinges,5062620,1169258,,32 LH PRIMED HB 376 NK,Primed Flush Hardboard Hollow core - Split Jamb-376 casing nickel hinges
Primed Flush Hardboard,Single Pre-hung,36,RH,Split Jamb,376,Nickel Hinges,5062621,1168736,,36 RH PRIMED HB 376 NK,Primed Flush Hardboard Hollow core - Split Jamb-376 casing nickel hinges
Primed Flush Hardboard,Single Pre-hung,36,LH,Split Jamb,376,Nickel Hinges,5062622,1170114,,36 LH PRIMED HB 376 NK,Primed Flush Hardboard Hollow core - Split Jamb-376 casing nickel hinges
Primed Flush Hardboard,Slab,18,No Bore,No Jamb,No Casing,No Hinges,5062589,1102016,,18in PRO HC Primed HB Slab,Primed Flush Hardboard - Hollow core-Molded-slab
Primed Flush Hardboard,Slab,24,No Bore,No Jamb,No Casing,No Hinges,5062590,1102017,,24in PRO HC Primed HB Slab,Primed Flush Hardboard - Hollow core-Molded-slab
Primed Flush Hardboard,Slab,28,No Bore,No Jamb,No Casing,No Hinges,5062591,1102018,,28in PRO HC Primed HB Slab,Primed Flush Hardboard - Hollow core-Molded-slab
Primed Flush Hardboard,Slab,30,No Bore,No Jamb,No Casing,No Hinges,5062592,1102019,,30in PRO HC Primed HB Slab,Primed Flush Hardboard - Hollow core-Molded-slab
Primed Flush Hardboard,Slab,32,No Bore,No Jamb,No Casing,No Hinges,5062593,1102020,,32in PRO HC Primed HB Slab,Primed Flush Hardboard - Hollow core-Molded-slab
Primed Flush Hardboard,Slab,36,No Bore,No Jamb,No Casing,No Hinges,5062594,1102021,,36in PRO HC Primed HB Stab,Primed Flush Hardboard - Hollow core-Molded-slab
French Door,Bi-hinge (French Door),48,No Bore,Flat Jamb,No Casing,Nickel Hinges with Ball catches,NA,1101703,,48 PRO FRENCH DOOR UNIT NK/10LT,French Bi-hinge-Flat Jamb-No casing-Ball catches-nickel hinges
French Door,Bi-hinge (French Door),60,No Bore,Flat Jamb,No Casing,Nickel Hinges with Ball catches,NA,1101704,,60 PRO FRENCH DOOR UNIT NK/15LT,French Bi-hinge-Flat Jamb-No casing-Ball catches-nickel hinges
Pocket Door Frame,Hardware,24,No Bore,No Jamb,No Casing,No Hinges,5675123,1170144,,24 POCKT DOOR FRAME W/HARDWARE,POCKET DOOR FRAMES WITH HARDWARE
Pocket Door Frame,Hardware,28,No Bore,No Jamb,No Casing,No Hinges,5675126,1170122,,28 POCKT DOOR FRAME W/HARDWARE,POCKET DOOR FRAMES WITH HARDWARE
Pocket Door Frame,Hardware,30,No Bore,No Jamb,No Casing,No Hinges,5675122,1170068,,30 POCKT DOOR FRAME W/HARDWARE,POCKET DOOR FRAMES WITH HARDWARE
Pocket Door Frame,Hardware,32,No Bore,No Jamb,No Casing,No Hinges,5675120,1170054,,32 POCKT DOOR FRAME W/HARDWARE,POCKET DOOR FRAMES WITH HARDWARE
Pocket Door Frame,Hardware,36,No Bore,No Jamb,No Casing,No Hinges,5675128,1170143,,36 POCKT DOOR FRAME W/HARDWARE,POCKET DOOR FRAMES WITH HARDWARE